<ImportExportXml version="9.2.24062.176" SolutionPackageVersion="9.2" languagecode="1033" generatedBy="CrmLive" xmlns:xsi="http://www.w3.org/2001/XMLSchema-instance">
  <SolutionManifest>
    <UniqueName>TermSheet</UniqueName>
    <LocalizedNames>
      <LocalizedName description="Term Sheet" languagecode="1033" />
    </LocalizedNames>
    <Descriptions />
    <Version>1.0.0.2</Version>
    <Managed>0</Managed>
    <Publisher>
      <UniqueName>TSP</UniqueName>
      <LocalizedNames>
        <LocalizedName description="Technical Sales Professional" languagecode="1033" />
      </LocalizedNames>
      <Descriptions />
      <EMailAddress xsi:nil="true"></EMailAddress>
      <SupportingWebsiteUrl xsi:nil="true"></SupportingWebsiteUrl>
      <CustomizationPrefix>tsp</CustomizationPrefix>
      <CustomizationOptionValuePrefix>93377</CustomizationOptionValuePrefix>
      <Addresses>
        <Address>
          <AddressNumber>1</AddressNumber>
          <AddressTypeCode>1</AddressTypeCode>
          <City xsi:nil="true"></City>
          <County xsi:nil="true"></County>
          <Country xsi:nil="true"></Country>
          <Fax xsi:nil="true"></Fax>
          <FreightTermsCode xsi:nil="true"></FreightTermsCode>
          <ImportSequenceNumber xsi:nil="true"></ImportSequenceNumber>
          <Latitude xsi:nil="true"></Latitude>
          <Line1 xsi:nil="true"></Line1>
          <Line2 xsi:nil="true"></Line2>
          <Line3 xsi:nil="true"></Line3>
          <Longitude xsi:nil="true"></Longitude>
          <Name xsi:nil="true"></Name>
          <PostalCode xsi:nil="true"></PostalCode>
          <PostOfficeBox xsi:nil="true"></PostOfficeBox>
          <PrimaryContactName xsi:nil="true"></PrimaryContactName>
          <ShippingMethodCode>1</ShippingMethodCode>
          <StateOrProvince xsi:nil="true"></StateOrProvince>
          <Telephone1 xsi:nil="true"></Telephone1>
          <Telephone2 xsi:nil="true"></Telephone2>
          <Telephone3 xsi:nil="true"></Telephone3>
          <TimeZoneRuleVersionNumber xsi:nil="true"></TimeZoneRuleVersionNumber>
          <UPSZone xsi:nil="true"></UPSZone>
          <UTCOffset xsi:nil="true"></UTCOffset>
          <UTCConversionTimeZoneCode xsi:nil="true"></UTCConversionTimeZoneCode>
        </Address>
        <Address>
          <AddressNumber>2</AddressNumber>
          <AddressTypeCode>1</AddressTypeCode>
          <City xsi:nil="true"></City>
          <County xsi:nil="true"></County>
          <Country xsi:nil="true"></Country>
          <Fax xsi:nil="true"></Fax>
          <FreightTermsCode xsi:nil="true"></FreightTermsCode>
          <ImportSequenceNumber xsi:nil="true"></ImportSequenceNumber>
          <Latitude xsi:nil="true"></Latitude>
          <Line1 xsi:nil="true"></Line1>
          <Line2 xsi:nil="true"></Line2>
          <Line3 xsi:nil="true"></Line3>
          <Longitude xsi:nil="true"></Longitude>
          <Name xsi:nil="true"></Name>
          <PostalCode xsi:nil="true"></PostalCode>
          <PostOfficeBox xsi:nil="true"></PostOfficeBox>
          <PrimaryContactName xsi:nil="true"></PrimaryContactName>
          <ShippingMethodCode>1</ShippingMethodCode>
          <StateOrProvince xsi:nil="true"></StateOrProvince>
          <Telephone1 xsi:nil="true"></Telephone1>
          <Telephone2 xsi:nil="true"></Telephone2>
          <Telephone3 xsi:nil="true"></Telephone3>
          <TimeZoneRuleVersionNumber xsi:nil="true"></TimeZoneRuleVersionNumber>
          <UPSZone xsi:nil="true"></UPSZone>
          <UTCOffset xsi:nil="true"></UTCOffset>
          <UTCConversionTimeZoneCode xsi:nil="true"></UTCConversionTimeZoneCode>
        </Address>
      </Addresses>
    </Publisher>
    <RootComponents>
      <RootComponent type="1" schemaName="systemuser" behavior="1" />
      <RootComponent type="1" schemaName="tsp_enrollment" behavior="0" />
      <RootComponent type="1" schemaName="tsp_paycode" behavior="0" />
      <RootComponent type="1" schemaName="tsp_reportingyear" behavior="0" />
      <RootComponent type="1" schemaName="tsp_timesheet" behavior="0" />
      <RootComponent type="1" schemaName="tsp_timesheetapproval" behavior="0" />
      <RootComponent type="1" schemaName="tsp_timesheetlines" behavior="0" />
      <RootComponent type="1" schemaName="tsp_timesheettype" behavior="0" />
      <RootComponent type="29" id="{1f0de776-6feb-ee11-904c-6045bd05a326}" behavior="0" />
      <RootComponent type="29" id="{392d90cf-7beb-ee11-904c-6045bd05a326}" behavior="0" />
      <RootComponent type="29" id="{5519bb82-7eeb-ee11-904c-6045bd05a326}" behavior="0" />
      <RootComponent type="60" id="{47123609-8beb-ee11-904c-6045bd05a326}" behavior="0" />
      <RootComponent type="62" schemaName="tsp_TermSheetAdministration" behavior="0" />
      <RootComponent type="80" schemaName="tsp_TermSheetAdministration" behavior="0" />
      <RootComponent type="300" schemaName="tsp_termsheetapplication_e2d36" behavior="0" />
    </RootComponents>
    <MissingDependencies>
      <MissingDependency>
        <Required type="61" schemaName="msdyn_/Images/AppModule_Default_Icon.png" displayName="msdyn_/Images/AppModule_Default_Icon.png" solution="AppModuleWebResources (2.5)" />
        <Dependent type="80" schemaName="tsp_TermSheetAdministration" displayName="Term Sheet Administration" />
      </MissingDependency>
      <MissingDependency>
        <Required type="connectionreference" displayName="tsp_sharedcommondataserviceforapps_c7122" solution="Active" id.connectionreferencelogicalname="tsp_sharedcommondataserviceforapps_c7122" />
        <Dependent type="29" displayName="Set Timesheet Approvers" id="{392d90cf-7beb-ee11-904c-6045bd05a326}" />
      </MissingDependency>
      <MissingDependency>
        <Required type="connectionreference" displayName="tsp_sharedcommondataserviceforapps_c7122" solution="Active" id.connectionreferencelogicalname="tsp_sharedcommondataserviceforapps_c7122" />
        <Dependent type="29" displayName="Send Approval Requests" id="{5519bb82-7eeb-ee11-904c-6045bd05a326}" />
      </MissingDependency>
      <MissingDependency>
        <Required type="SettingDefinition" displayName="AppChannel" solution="msdyn_AppFrameworkInfraExtensions (1.0.0.11)" id.uniquename="AppChannel" />
        <Dependent type="AppSetting" displayName="parentappmoduleid.uniquename=tsp_TermSheetAdministration,settingdefinitionid.uniquename=AppChannel" id.parentappmoduleid.uniquename="tsp_TermSheetAdministration" id.settingdefinitionid.uniquename="AppChannel" />
      </MissingDependency>
    </MissingDependencies>
  </SolutionManifest>
</ImportExportXml>