{
  "properties": {
    "connectionReferences": {
      "shared_approvals": {
        "runtimeSource": "embedded",
        "connection": {
          "connectionReferenceLogicalName": "tsp_sharedapprovals_1e5b9"
        },
        "api": {
          "name": "shared_approvals"
        }
      },
      "shared_commondataserviceforapps": {
        "runtimeSource": "embedded",
        "connection": {
          "connectionReferenceLogicalName": "tsp_sharedcommondataserviceforapps_c7122"
        },
        "api": {
          "name": "shared_commondataserviceforapps"
        }
      }
    },
    "definition": {
      "$schema": "https://schema.management.azure.com/providers/Microsoft.Logic/schemas/2016-06-01/workflowdefinition.json#",
      "contentVersion": "1.0.0.0",
      "parameters": {
        "$connections": {
          "defaultValue": {},
          "type": "Object"
        },
        "$authentication": {
          "defaultValue": {},
          "type": "SecureObject"
        }
      },
      "triggers": {
        "When_a_row_is_added,_modified_or_deleted": {
          "metadata": {
            "operationMetadataId": "f01bae77-d70d-4e46-bc1e-e6af94f2f9e3"
          },
          "type": "OpenApiConnectionWebhook",
          "inputs": {
            "host": {
              "connectionName": "shared_commondataserviceforapps",
              "operationId": "SubscribeWebhookTrigger",
              "apiId": "/providers/Microsoft.PowerApps/apis/shared_commondataserviceforapps"
            },
            "parameters": {
              "subscriptionRequest/message": 3,
              "subscriptionRequest/entityname": "tsp_timesheet",
              "subscriptionRequest/scope": 4,
              "subscriptionRequest/filterexpression": "tsp_status eq 933770001"
            },
            "authentication": "@parameters('$authentication')"
          }
        }
      },
      "actions": {
        "Request_L1_Approval": {
          "runAfter": {
            "Get_Level_1_Approver_Record": [
              "Succeeded"
            ]
          },
          "metadata": {
            "operationMetadataId": "02eeae2e-f355-428f-a83f-43a85560e7ae"
          },
          "type": "OpenApiConnectionWebhook",
          "inputs": {
            "host": {
              "connectionName": "shared_approvals",
              "operationId": "StartAndWaitForAnApproval",
              "apiId": "/providers/Microsoft.PowerApps/apis/shared_approvals"
            },
            "parameters": {
              "approvalType": "Basic",
              "WebhookApprovalCreationInput/title": "L1 Approval - @{outputs('Get_Full_Timesheet_Record')?['body/tsp_startdate']} : @{outputs('Get_Level_1_Approver_Record')?['body/firstname']} @{outputs('Get_Level_1_Approver_Record')?['body/lastname']} ",
              "WebhookApprovalCreationInput/assignedTo": ";@{outputs('Get_Level_1_Approver_Record')?['body/internalemailaddress']};",
              "WebhookApprovalCreationInput/details": "Please take action on the term sheet.",
              "WebhookApprovalCreationInput/itemLink": "@concat('https://asgard.crm.dynamics.com/main.aspx?appid=a89e8653-74eb-ee11-904c-6045bd05a326&pagetype=entityrecord&etn=tsp_timesheet&id=',outputs('Get_Full_Timesheet_Record')?['body/tsp_timesheetid'])",
              "WebhookApprovalCreationInput/itemLinkDescription": "Approval Request",
              "WebhookApprovalCreationInput/enableNotifications": true,
              "WebhookApprovalCreationInput/enableReassignment": true
            },
            "authentication": "@parameters('$authentication')"
          }
        },
        "Get_Full_Timesheet_Record": {
          "runAfter": {},
          "metadata": {
            "operationMetadataId": "d0d6c0bd-9691-4389-bf1a-222b942e068b"
          },
          "type": "OpenApiConnection",
          "inputs": {
            "host": {
              "connectionName": "shared_commondataserviceforapps",
              "operationId": "GetItem",
              "apiId": "/providers/Microsoft.PowerApps/apis/shared_commondataserviceforapps"
            },
            "parameters": {
              "entityName": "tsp_timesheets",
              "recordId": "@triggerOutputs()?['body/tsp_timesheetid']"
            },
            "authentication": "@parameters('$authentication')"
          }
        },
        "Get_Level_1_Approver_Record": {
          "runAfter": {
            "Get_Full_Timesheet_Record": [
              "Succeeded"
            ]
          },
          "metadata": {
            "operationMetadataId": "a2fd1270-7e89-4353-9527-190570bce05a"
          },
          "type": "OpenApiConnection",
          "inputs": {
            "host": {
              "connectionName": "shared_commondataserviceforapps",
              "operationId": "GetItem",
              "apiId": "/providers/Microsoft.PowerApps/apis/shared_commondataserviceforapps"
            },
            "parameters": {
              "entityName": "systemusers",
              "recordId": "@outputs('Get_Full_Timesheet_Record')?['body/_tsp_level1approver_value']"
            },
            "authentication": "@parameters('$authentication')"
          }
        },
        "Check_L1_Approval_Status": {
          "actions": {
            "Set_L1_Approval_Disposition": {
              "runAfter": {},
              "metadata": {
                "operationMetadataId": "528123f3-36f3-4e5d-95ea-9324511ff63d"
              },
              "type": "OpenApiConnection",
              "inputs": {
                "host": {
                  "connectionName": "shared_commondataserviceforapps",
                  "operationId": "UpdateRecord",
                  "apiId": "/providers/Microsoft.PowerApps/apis/shared_commondataserviceforapps"
                },
                "parameters": {
                  "entityName": "tsp_timesheets",
                  "recordId": "@triggerOutputs()?['body/tsp_timesheetid']",
                  "item/tsp_level1comments": "@first(outputs('Request_L1_Approval')?['body/responses'])?['comments']",
                  "item/tsp_level1disposition": 933770000,
                  "item/tsp_level1dispositiondate": "@outputs('Request_L1_Approval')?['body/completionDate']"
                },
                "authentication": "@parameters('$authentication')"
              }
            }
          },
          "runAfter": {
            "Compose": [
              "Succeeded"
            ]
          },
          "else": {
            "actions": {
              "Set_L1_Rejection_Disposition": {
                "runAfter": {},
                "metadata": {
                  "operationMetadataId": "528123f3-36f3-4e5d-95ea-9324511ff63d"
                },
                "type": "OpenApiConnection",
                "inputs": {
                  "host": {
                    "connectionName": "shared_commondataserviceforapps",
                    "operationId": "UpdateRecord",
                    "apiId": "/providers/Microsoft.PowerApps/apis/shared_commondataserviceforapps"
                  },
                  "parameters": {
                    "entityName": "tsp_timesheets",
                    "recordId": "@triggerOutputs()?['body/tsp_timesheetid']",
                    "item/tsp_level1comments": "@first(outputs('Request_L1_Approval')?['body/responses'])?['comments']",
                    "item/tsp_level1disposition": 933770001,
                    "item/tsp_level1dispositiondate": "@outputs('Request_L1_Approval')?['body/completionDate']",
                    "item/tsp_status": 933770003
                  },
                  "authentication": "@parameters('$authentication')"
                }
              },
              "Terminate": {
                "runAfter": {
                  "Set_L1_Rejection_Disposition": [
                    "Succeeded"
                  ]
                },
                "metadata": {
                  "operationMetadataId": "2e0de40e-2c47-400f-a78d-1f618437ffdc"
                },
                "type": "Terminate",
                "inputs": {
                  "runStatus": "Cancelled"
                }
              }
            }
          },
          "expression": {
            "equals": [
              "@outputs('Request_L1_Approval')?['body/outcome']",
              "Approve"
            ]
          },
          "metadata": {
            "operationMetadataId": "8c5ef64d-c797-4bcc-b2d9-8ada924737df"
          },
          "type": "If"
        },
        "Get_Level_2_Approver_Record": {
          "runAfter": {
            "Check_L1_Approval_Status": [
              "Succeeded"
            ]
          },
          "metadata": {
            "operationMetadataId": "6e3dd073-8a0f-4c61-9795-ea741a0fa69f"
          },
          "type": "OpenApiConnection",
          "inputs": {
            "host": {
              "connectionName": "shared_commondataserviceforapps",
              "operationId": "GetItem",
              "apiId": "/providers/Microsoft.PowerApps/apis/shared_commondataserviceforapps"
            },
            "parameters": {
              "entityName": "systemusers",
              "recordId": "@outputs('Get_Full_Timesheet_Record')?['body/_tsp_level2approver_value']"
            },
            "authentication": "@parameters('$authentication')"
          }
        },
        "Request_L2_Approval": {
          "runAfter": {
            "Get_Level_2_Approver_Record": [
              "Succeeded"
            ]
          },
          "metadata": {
            "operationMetadataId": "64e84da4-2e92-43d5-ba3f-e65ab262b61c"
          },
          "type": "OpenApiConnectionWebhook",
          "inputs": {
            "host": {
              "connectionName": "shared_approvals",
              "operationId": "StartAndWaitForAnApproval",
              "apiId": "/providers/Microsoft.PowerApps/apis/shared_approvals"
            },
            "parameters": {
              "approvalType": "Basic",
              "WebhookApprovalCreationInput/title": "L2 Approval - @{outputs('Get_Full_Timesheet_Record')?['body/tsp_startdate']}  : @{outputs('Get_Level_1_Approver_Record')?['body/firstname']} @{outputs('Get_Level_1_Approver_Record')?['body/lastname']} ",
              "WebhookApprovalCreationInput/assignedTo": "@{outputs('Get_Level_2_Approver_Record')?['body/internalemailaddress']};",
              "WebhookApprovalCreationInput/details": "Please approve timesheet",
              "WebhookApprovalCreationInput/itemLink": "@concat('https://asgard.crm.dynamics.com/main.aspx?appid=a89e8653-74eb-ee11-904c-6045bd05a326&pagetype=entityrecord&etn=tsp_timesheet&id=',outputs('Get_Full_Timesheet_Record')?['body/tsp_timesheetid'])",
              "WebhookApprovalCreationInput/itemLinkDescription": "Approval Request",
              "WebhookApprovalCreationInput/enableNotifications": true,
              "WebhookApprovalCreationInput/enableReassignment": true
            },
            "authentication": "@parameters('$authentication')"
          }
        },
        "Get_Level_3_Approver_Record": {
          "runAfter": {
            "Check_L2_Approval_Status": [
              "Succeeded"
            ]
          },
          "metadata": {
            "operationMetadataId": "a064a2cc-ee8a-4c47-bcaf-91aebdabcc32"
          },
          "type": "OpenApiConnection",
          "inputs": {
            "host": {
              "connectionName": "shared_commondataserviceforapps",
              "operationId": "GetItem",
              "apiId": "/providers/Microsoft.PowerApps/apis/shared_commondataserviceforapps"
            },
            "parameters": {
              "entityName": "systemusers",
              "recordId": "@outputs('Get_Full_Timesheet_Record')?['body/_tsp_level3approval_value']"
            },
            "authentication": "@parameters('$authentication')"
          }
        },
        "Request_L3_Approval": {
          "runAfter": {
            "Get_Level_3_Approver_Record": [
              "Succeeded"
            ]
          },
          "metadata": {
            "operationMetadataId": "a8196cbd-96d0-4cdc-9298-be3de7adf9e4"
          },
          "type": "OpenApiConnectionWebhook",
          "inputs": {
            "host": {
              "connectionName": "shared_approvals",
              "operationId": "StartAndWaitForAnApproval",
              "apiId": "/providers/Microsoft.PowerApps/apis/shared_approvals"
            },
            "parameters": {
              "approvalType": "Basic",
              "WebhookApprovalCreationInput/title": "L3 Approval - @{outputs('Get_Full_Timesheet_Record')?['body/tsp_startdate']}  : @{outputs('Get_Level_1_Approver_Record')?['body/firstname']} @{outputs('Get_Level_1_Approver_Record')?['body/lastname']} ",
              "WebhookApprovalCreationInput/assignedTo": "@{outputs('Get_Level_3_Approver_Record')?['body/internalemailaddress']};",
              "WebhookApprovalCreationInput/details": "Please approve timesheet",
              "WebhookApprovalCreationInput/itemLink": "@concat('https://asgard.crm.dynamics.com/main.aspx?appid=a89e8653-74eb-ee11-904c-6045bd05a326&pagetype=entityrecord&etn=tsp_timesheet&id=',outputs('Get_Full_Timesheet_Record')?['body/tsp_timesheetid'])",
              "WebhookApprovalCreationInput/itemLinkDescription": "Approval Request",
              "WebhookApprovalCreationInput/enableNotifications": true,
              "WebhookApprovalCreationInput/enableReassignment": true
            },
            "authentication": "@parameters('$authentication')"
          }
        },
        "Check_L2_Approval_Status": {
          "actions": {
            "Set_L2_Approval_Disposition": {
              "runAfter": {},
              "metadata": {
                "operationMetadataId": "0397d0ed-d8e3-4ceb-ac19-1bb8489e746b"
              },
              "type": "OpenApiConnection",
              "inputs": {
                "host": {
                  "connectionName": "shared_commondataserviceforapps",
                  "operationId": "UpdateRecord",
                  "apiId": "/providers/Microsoft.PowerApps/apis/shared_commondataserviceforapps"
                },
                "parameters": {
                  "entityName": "tsp_timesheets",
                  "recordId": "@triggerOutputs()?['body/tsp_timesheetid']",
                  "item/tsp_level2comments": "@first(outputs('Request_L2_Approval')?['body/responses'])?['comments']",
                  "item/tsp_level2disposition": 933770000,
                  "item/tsp_level2dispositiondate": "@outputs('Request_L2_Approval')?['body/completionDate']"
                },
                "authentication": "@parameters('$authentication')"
              }
            }
          },
          "runAfter": {
            "Request_L2_Approval": [
              "Succeeded"
            ]
          },
          "else": {
            "actions": {
              "Set_L2_Rejection_Disposition": {
                "runAfter": {},
                "metadata": {
                  "operationMetadataId": "a4f0d54a-9bc2-48f0-b149-41bc98d183d1"
                },
                "type": "OpenApiConnection",
                "inputs": {
                  "host": {
                    "connectionName": "shared_commondataserviceforapps",
                    "operationId": "UpdateRecord",
                    "apiId": "/providers/Microsoft.PowerApps/apis/shared_commondataserviceforapps"
                  },
                  "parameters": {
                    "entityName": "tsp_timesheets",
                    "recordId": "@triggerOutputs()?['body/tsp_timesheetid']",
                    "item/tsp_level2comments": "@first(outputs('Request_L1_Approval')?['body/responses'])?['comments']",
                    "item/tsp_level2disposition": 933770001,
                    "item/tsp_level2dispositiondate": "@outputs('Request_L2_Approval')?['body/completionDate']",
                    "item/tsp_status": 933770003
                  },
                  "authentication": "@parameters('$authentication')"
                }
              },
              "Terminate_2": {
                "runAfter": {
                  "Set_L2_Rejection_Disposition": [
                    "Succeeded"
                  ]
                },
                "metadata": {
                  "operationMetadataId": "9bfc7b4e-7b93-43cd-bbed-9737cf4d4342"
                },
                "type": "Terminate",
                "inputs": {
                  "runStatus": "Cancelled"
                }
              }
            }
          },
          "expression": {
            "equals": [
              "@outputs('Request_L2_Approval')?['body/outcome']",
              "Approve"
            ]
          },
          "metadata": {
            "operationMetadataId": "ca65b083-3afa-489d-8668-39f0ac4ab4b7"
          },
          "type": "If"
        },
        "Check_L3_Approval_Status": {
          "actions": {
            "Set_L3_Approval_Disposition": {
              "runAfter": {},
              "metadata": {
                "operationMetadataId": "cb03f12d-be37-4060-8fb3-6fb39ed7187e"
              },
              "type": "OpenApiConnection",
              "inputs": {
                "host": {
                  "connectionName": "shared_commondataserviceforapps",
                  "operationId": "UpdateRecord",
                  "apiId": "/providers/Microsoft.PowerApps/apis/shared_commondataserviceforapps"
                },
                "parameters": {
                  "entityName": "tsp_timesheets",
                  "recordId": "@triggerOutputs()?['body/tsp_timesheetid']",
                  "item/tsp_level3comments": "@first(outputs('Request_L3_Approval')?['body/responses'])?['comments']",
                  "item/tsp_level3disposition": 933770000,
                  "item/tsp_level3dispositiondate": "@outputs('Request_L3_Approval')?['body/completionDate']",
                  "item/tsp_status": 933770002
                },
                "authentication": "@parameters('$authentication')"
              }
            }
          },
          "runAfter": {
            "Request_L3_Approval": [
              "Succeeded"
            ]
          },
          "else": {
            "actions": {
              "Set_L3_Rejection_Disposition": {
                "runAfter": {},
                "metadata": {
                  "operationMetadataId": "82d3b40b-e593-4762-9b60-6ba81b7dbdbc"
                },
                "type": "OpenApiConnection",
                "inputs": {
                  "host": {
                    "connectionName": "shared_commondataserviceforapps",
                    "operationId": "UpdateRecord",
                    "apiId": "/providers/Microsoft.PowerApps/apis/shared_commondataserviceforapps"
                  },
                  "parameters": {
                    "entityName": "tsp_timesheets",
                    "recordId": "@triggerOutputs()?['body/tsp_timesheetid']",
                    "item/tsp_level3comments": "@first(outputs('Request_L1_Approval')?['body/responses'])?['comments']",
                    "item/tsp_level3disposition": 933770001,
                    "item/tsp_level3dispositiondate": "@outputs('Request_L3_Approval')?['body/completionDate']",
                    "item/tsp_status": 933770003
                  },
                  "authentication": "@parameters('$authentication')"
                }
              },
              "Terminate_3": {
                "runAfter": {
                  "Set_L3_Rejection_Disposition": [
                    "Succeeded"
                  ]
                },
                "metadata": {
                  "operationMetadataId": "728abb6c-fe9e-4aa3-9472-223f4759bad5"
                },
                "type": "Terminate",
                "inputs": {
                  "runStatus": "Cancelled"
                }
              }
            }
          },
          "expression": {
            "equals": [
              "@outputs('Request_L3_Approval')?['body/outcome']",
              "Approve"
            ]
          },
          "metadata": {
            "operationMetadataId": "8ad7f716-19b9-429c-a048-ef272c2471e6"
          },
          "type": "If"
        },
        "Compose": {
          "runAfter": {
            "Request_L1_Approval": [
              "Succeeded"
            ]
          },
          "metadata": {
            "operationMetadataId": "66c66a46-33e9-4620-814e-b596735d833f"
          },
          "type": "Compose",
          "inputs": "@first(outputs('Request_L1_Approval')?['body/responses'])?['comments']"
        }
      }
    },
    "templateName": ""
  },
  "schemaVersion": "1.0.0.0"
}