{
  "properties": {
    "connectionReferences": {
      "shared_commondataserviceforapps": {
        "runtimeSource": "embedded",
        "connection": {
          "connectionReferenceLogicalName": "tsp_sharedcommondataserviceforapps_c7122"
        },
        "api": {
          "name": "shared_commondataserviceforapps"
        }
      }
    },
    "definition": {
      "$schema": "https://schema.management.azure.com/providers/Microsoft.Logic/schemas/2016-06-01/workflowdefinition.json#",
      "contentVersion": "1.0.0.0",
      "parameters": {
        "$connections": {
          "defaultValue": {},
          "type": "Object"
        },
        "$authentication": {
          "defaultValue": {},
          "type": "SecureObject"
        }
      },
      "triggers": {
        "When_a_Timesheet_record_is_created": {
          "metadata": {
            "operationMetadataId": "2737db8c-65bc-4d8e-be14-d28d5cc8a473"
          },
          "type": "OpenApiConnectionWebhook",
          "inputs": {
            "host": {
              "connectionName": "shared_commondataserviceforapps",
              "operationId": "SubscribeWebhookTrigger",
              "apiId": "/providers/Microsoft.PowerApps/apis/shared_commondataserviceforapps"
            },
            "parameters": {
              "subscriptionRequest/message": 1,
              "subscriptionRequest/entityname": "tsp_timesheet",
              "subscriptionRequest/scope": 4
            },
            "authentication": "@parameters('$authentication')"
          }
        }
      },
      "actions": {
        "Get_Enrollment_Records_for_Clinician": {
          "runAfter": {},
          "metadata": {
            "operationMetadataId": "6eee05de-f217-4c7c-beb5-b0fabf157140"
          },
          "type": "OpenApiConnection",
          "inputs": {
            "host": {
              "connectionName": "shared_commondataserviceforapps",
              "operationId": "ListRecords",
              "apiId": "/providers/Microsoft.PowerApps/apis/shared_commondataserviceforapps"
            },
            "parameters": {
              "entityName": "tsp_enrollments",
              "$filter": "(_tsp_clinician_value eq '@{triggerOutputs()?['body/_tsp_clinician_value']}')",
              "$top": 1
            },
            "authentication": "@parameters('$authentication')"
          }
        },
        "Get_First_Enrollment_Record": {
          "runAfter": {
            "Get_Enrollment_Records_for_Clinician": [
              "Succeeded"
            ]
          },
          "metadata": {
            "operationMetadataId": "5a92ebf8-369e-41e7-b59a-137adf7438a1"
          },
          "type": "Compose",
          "inputs": "@first(outputs('Get_Enrollment_Records_for_Clinician')?['body/value'])"
        },
        "Set_Approvers": {
          "runAfter": {
            "Get_First_Enrollment_Record": [
              "Succeeded"
            ]
          },
          "metadata": {
            "operationMetadataId": "85ba7c12-4712-4ae3-a072-794ef03f0ac9"
          },
          "type": "OpenApiConnection",
          "inputs": {
            "host": {
              "connectionName": "shared_commondataserviceforapps",
              "operationId": "UpdateRecord",
              "apiId": "/providers/Microsoft.PowerApps/apis/shared_commondataserviceforapps"
            },
            "parameters": {
              "entityName": "tsp_timesheets",
              "recordId": "@triggerOutputs()?['body/tsp_timesheetid']",
              "item/tsp_Level1Approver@odata.bind": "/systemusers(@{outputs('Get_First_Enrollment_Record')?['_tsp_firstapprover_value']})",
              "item/tsp_Level2Approver@odata.bind": "/systemusers(@{outputs('Get_First_Enrollment_Record')?['_tsp_secondapprover_value']})",
              "item/tsp_Level3Approval@odata.bind": "/systemusers(@{outputs('Get_First_Enrollment_Record')?['_tsp_thirdapprover_value']})"
            },
            "authentication": "@parameters('$authentication')"
          }
        }
      }
    },
    "templateName": ""
  },
  "schemaVersion": "1.0.0.0"
}